{"version": "0.4.5", "settings_version": "0.4.3", "type": "rendering", "profile": {"name": "MP4 - 60 FPS", "description": "Generates an MP4 at a constant 60FPS. Adds 2 seconds of pre-roll using the first frame and 2 seconds of post-roll using the last frame.", "guid": "b87d49db-72de-4285-87f6-50b8044d42b6", "automatic_configuration": {"key_values": [{"name": "MP4 - 60 FPS", "value": "mp4_fixed_fps_60"}], "version": "1.1", "suppress_update_notification_version": false, "is_custom": false}, "enabled": true, "fps_calculation_type": "static", "run_length_seconds": 5, "fps": 60, "max_fps": 120.0, "min_fps": 2.0, "output_format": "mp4", "sync_with_timelapse": true, "bitrate": "10000k", "constant_rate_factor": 28, "post_roll_seconds": 2, "pre_roll_seconds": 2, "output_template": "{FAILEDFLAG}{FAILEDSEPARATOR}{GCODEFILENAME}_{PRINTENDTIME}", "enable_watermark": false, "selected_watermark": "", "overlay_text_template": "", "overlay_font_path": "", "overlay_font_size": 10, "overlay_text_pos": "[10, 10]", "overlay_text_alignment": "left", "overlay_text_valign": "top", "overlay_text_halign": "left", "overlay_text_color": [255, 255, 255, 1], "overlay_outline_color": [0, 0, 0, 1.0], "overlay_outline_width": 1, "thread_count": 1, "archive_snapshots": false}}