[{"key": "uicustomizer", "name": "UI Customizer", "url": "https://github.com/LazeMSS/OctoPrint-UICustomizer"}, {"key": "powerfailure", "name": "Power Failure Recovery", "url": "https://github.com/pablogventura/OctoPrint-PowerFailure"}, {"key": "dashboard", "name": "Dashboard", "url": "https://github.com/j7126/OctoPrint-Dashboard"}, {"key": "octolapse", "name": "Octolapse", "url": "https://github.com/FormerLurker/Octolapse"}, {"key": "octoeverywhere", "name": "OctoEverywhere!", "url": "http://www.OctoEverywhere.com"}, {"key": "octoapp", "name": "OctoApp", "url": "https://github.com/crysxd/OctoApp-Plugin/"}]