{
  "last_version": "1.10.3",
  "seen_versions": 1,
  "server_starts": 7,
  "prints_started": 50,
  "prints_cancelled": 0,
  "prints_errored": 0,
  "prints_finished": 6,
  "prints_started_per_weekday": {
    "4": 29,
    "5": 21
  },
  "print_duration_total": 10011.742058859996,
  "print_duration_cancelled": 0.0,
  "print_duration_errored": 0.0,
  "print_duration_finished": 2032.4264275840012,
  "longest_print_duration": 1187.767829868,
  "longest_print_date": 1731704391.696112,
  "files_uploaded": 33,
  "files_deleted": 28,
  "plugins_installed": 7,
  "plugins_uninstalled": 1,
  "most_plugins": 26,
  "achievements": 8
}