{
  "stats": {
    "last_version": "1.10.3",
    "seen_versions": 1,
    "server_starts": 7,
    "prints_started": 50,
    "prints_cancelled": 0,
    "prints_errored": 0,
    "prints_finished": 6,
    "prints_started_per_weekday": {
      "4": 29,
      "5": 21
    },
    "print_duration_total": 10011.742058859996,
    "print_duration_cancelled": 0.0,
    "print_duration_errored": 0.0,
    "print_duration_finished": 2032.4264275840012,
    "longest_print_duration": 1187.767829868,
    "longest_print_date": 1731704391.693302,
    "files_uploaded": 33,
    "files_deleted": 28,
    "plugins_installed": 7,
    "plugins_uninstalled": 1,
    "most_plugins": 26,
    "created": 1663806314,
    "created_version": "1.10.3"
  },
  "achievements": {
    "the_wizard": 1663806316,
    "tgif": 1731681120,
    "all_beginnings_are_hard": 1731681594,
    "one_of_those_days": 1731683549,
    "adventurer": 1731683608,
    "one_small_step_for_man": 1731690153,
    "sprint": 1731690154,
    "night_owl": 1731692314
  },
  "state": {
    "date_last_print": "2024-11-16",
    "prints_today": 3,
    "date_last_cancelled_print": "2024-11-16",
    "prints_cancelled_today": 22,
    "consecutive_prints_cancelled_today": 4,
    "file_last_print": "local:recovery_CE3V3SE_Flexi_Holding-Cat_Long_v1 (1).gcode:1731703044",
    "consecutive_prints_of_same_file": 1,
    "date_last_weekend_print": "2024-11-16",
    "consecutive_weekend_prints": 0
  }
}